titulo,preco,descricao,paginas,img_link,id_editora,id_genero,id_autor,id_idioma
"Cabeça Fria, Coração Quente",40.41,"Escrito em primeira pessoa pela equipa técnica liderada pelo treinador Abel Ferreira, o livro ""Cabeça fria, coração quente"" faz uma viagem pelos bastidores das conquistas do Palmeiras nas temporadas de 2020 e 2021, culminando no bicampeonato da Copa Libertadores da América.",554,https://m.media-amazon.com/images/I/41lUjbBeK6L.jpg,1,1,1,1
Quem tem medo do feminismo negro?,19.90,"Um livro essencial e urgente, pois enquanto mulheres negras seguirem sendo alvo de constantes ataques, a humanidade toda corre perigo.
Quem tem medo do feminismo negro? reúne um longo ensaio autobiográfico inédito e uma seleção de artigos publicados por Djamila Ribeiro no blog da revista CartaCapital, entre 2014 e 2017. No texto de abertura, a filósofa e militante recupera memórias de seus anos de infância e adolescência para discutir o que chama de ""silenciamento"", processo de apagamento da personalidade por que passou e que é um dos muitos resultados perniciosos da discriminação. Foi apenas no final da adolescência, ao trabalhar na Casa de Cultura da Mulher Negra, que Djamila entrou em contato com autoras que a fizeram ter orgulho de suas raízes e não mais querer se manter invisível. Desde então, o diálogo com autoras como Chimamanda Ngozi Adichie, bell hooks, Sueli Carneiro, Alice Walker, Toni Morrison e Conceição Evaristo é uma constante.
Muitos textos reagem a situações do cotidiano — o aumento da intolerância às religiões de matriz africana; os ataques a celebridades como Maju ou Serena Williams – a partir das quais Djamila destrincha conceitos como empoderamento feminino ou interseccionalidade. Ela também aborda temas como os limites da mobilização nas redes sociais, as políticas de cotas raciais e as origens do feminismo negro nos Estados Unidos e no Brasil, além de discutir a obra de autoras de referência para o feminismo, como Simone de Beauvoir.",165,https://m.media-amazon.com/images/I/41ocS+To+EL.jpg,2,1,2,1
O rei dos dividendos: A saga do filho de imigrantes pobres que se tornou o maior investidor pessoa física da bolsa de valores brasileira,31.41,"""O livro que você tem em mãos é uma inspiração para a riqueza, mas não só: ao compartilhar momentos de humor e astúcia, dor e alegria, Barsi vai se mostrando, pouco a pouco, como realmente é, em toda a sua humanidade.",266,https://m.media-amazon.com/images/I/41k6c7A-M6L.jpg,3,1,3,1
Minha história,39.90,"Um relato íntimo, poderoso e inspirador da ex-primeira-dama dos Estados Unidos. O livro que já vendeu mais de 10 milhões de exemplares no mundo e está há mais de 50 semanas na lista de mais vendidos da Veja.",661,https://m.media-amazon.com/images/I/41-NqD3Jy6L.jpg,4,1,4,1
A menina da montanha: A trajetória real da americana que pisou numa sala de aula pela primeira vez aos 17 anos até a conquista do doutorado em Cambridge,28.40,"Eleito o livro do ano (2018) pela Amazon. Escolhido como um dos livros do ano pelo Bill Gates e indicado pelo ex-presidente americano Barack Obama, além de figurar entre a lista dos mais vendidos do NYT
Tara Westover tinha 17 anos quando pisou pela primeira vez em uma sala de aula. Nascida nas montanhas de Idaho, Estados Unidos, era a caçula de sete irmãos. Guiados pelo fanatismo do pai, todos estavam sempre se preparando para o fim do mundo, estocando conservas e dormindo com uma mala pronta para o caso de fuga. No verão, ajudava a mãe, parteira e curandeira, a fazer remédios medicinais. No inverno, coletava sucata com o pai.",366,https://m.media-amazon.com/images/I/51UfHSbnfmL.jpg,5,1,5,1
O que sobra,23.94,"Esta foi uma das imagens mais tocantes do século XX: dois jovens, dois príncipes, caminhando atrás do caixão da mãe, enquanto o mundo acompanhava os eventos com tristeza – e horror. Conforme Diana, a Princesa de Gales, era sepultada, bilhões de pessoas se perguntavam como se sentiam, e o que pensavam, os príncipes – e como a vida deles iria se desenrolar a partir daquele momento.
Para Harry, esta é enfim a sua história.
Com uma honestidade total e incontornável, O que sobra é um marco editorial, cheio de inspiração, revelações, introspecção e sabedoria, conquistada com muito esforço, no que diz respeito ao eterno poder do amor sobre a perda.
""Corajoso, reflexivo e bem escrito."" –  ",683,https://m.media-amazon.com/images/I/417WM4uIEKL.jpg,4,1,6,1
Em busca de mim,18.56,"A internacionalmente aclamada atriz Viola Davis narra em sua biografia, Em busca de mim, tudo o que viveu desde a infância difícil até o estrelato. Nesta biografia você vai conhecer uma garotinha chamada Viola, que fugia de seu passado até tomar a transformadora decisão de parar de fugir para sempre.",317,https://m.media-amazon.com/images/I/51PfMe6pHwL.jpg,6,1,7,1
Ideias para adiar o fim do mundo (Nova edição),16.90,"Uma parábola sobre os tempos atuais, por um de nossos maiores pensadores indígenas.",73,https://m.media-amazon.com/images/I/41G3QOKGJLL.jpg,2,1,8,1
Todo dia a mesma noite (série da Netflix),31.41,Reportagem definitiva sobre o incêndio na Boate Kiss inspirou série da Netflix,202,https://m.media-amazon.com/images/I/41-ndsZp1fL.jpg,7,1,9,1
O Diário de Anne Frank (Clássicos da literatura mundial),8.91,"É a história real de uma garota judia de 13 anos que ficou escondida com a família durante a ocupação nazista da Holanda. O nome dela era Annelies Marie Frank, nasceu em 12 de junho de 1929 em Frankfurt, na Alemanha, e morreu em um campo de concentração, pouco antes do fim da Segunda Guerra Mundial, em 1945. Foi escondida, no último andar de um prédio, que Anne Frank escreveu durante mais de 2 anos em dos registros mais detalhados do dia a dia daquela fase em que os nazistas, liderados por Hitler, espalharam o horror entre seus perseguidos.",266,https://m.media-amazon.com/images/I/41eve-WrCBL.jpg,8,1,10,1
Venda e informação: O perfil do vendedor de sucesso,16.17,"Informação é poder, mas só se utilizada.
E essa é, digamos, uma das profissões mais difíceis que existem e por isso também uma das mais bem pagas. Na prática, o vendedor não tem limite de ganho. Se ele trabalhar com comissão, seu ganho somente dependerá dele e é aí que a questão tema deste livro se inicia.
O vendedor precisa ter um perfil psicológico, uma mente e um controle emocional muito acima do normal para ter sucesso. Para entender as técnicas que nós explicaremos e os porquês, é preciso que as pessoas estejam dispostas a ampliar a complexidade da própria mente, expandir a própria compreensão de todas essas técnicas. Se nós fossemos repetir o que já foi escrito há milênios, não acrescentaríamos nada.",39,https://m.media-amazon.com/images/I/41Sup7CUTtL.jpg,9,2,11,1
O Modelo Toyota de Excelência em Serviços: A Transformação Lean em Organizações de Serviço,80.91,"Leitura obrigatória para os profissionais da área de serviço, este livro leva os princípios lean da série best-seller O Modelo Toyota diretamente para as indústrias em que a qualidade do serviço é crucial para o sucesso. Jeff Liker e Karyn Ross mostram como desenvolver os princípios lean em uma organização usando o famoso modelo dos 4Ps. Os casos apresentados são de muitas indústrias diferentes, incluindo saúde, seguros, serviços financeiros e telecomunicações, e comprovam que os princípios e as práticas lean funcionam tão bem em serviços quanto em manufatura.",439,https://m.media-amazon.com/images/I/518FJAEmX3L.jpg,10,2,12,1
"Simplificando os negócios: 60 Dias para Dominar Liderança, Vendas, Marketing, Execução, Gestão, Produtividade pessoal e muito mais",44.00,"Este livro é mais útil do que um Diploma em negócios?

A maioria das pessoas inicia suas carreiras sem entender como fazer uma empresa crescer. Às vezes, isso as faz se sentirem perdidas, ou pior, uma fraude, como se não soubessem o que estão fazendo.",253,https://m.media-amazon.com/images/I/41XNR4nWBtL.jpg,11,2,13,1
Mestres da escala: As grandes ideias que transformaram pequenos negócios em sucessos globais,31.41,"“Reid Hoffman tem talento para ir direto ao coração de cada caso e transformá-lo em uma lição inesquecível. Quem gosta de histórias bem contadas vai saborear este livro.” – Bob Iger, CEO da The Walt Disney Company
“Para liderar com visão e coração, comece aprendendo com os outros. Hoffman conta ótimas histórias para ensinar lições e traz conselhos sólidos (e às vezes surpreendentes!) para acelerar sua jornada.” – Angela Ahrendts, ex-vice-presidente de varejo da Apple",360,https://m.media-amazon.com/images/I/51v1ShlC-RL.jpg,3,2,14,1
"A fórmula do lançamento: As estratégias secretas para vender on-line, criar um negócio de sucesso e viver a vida dos seus sonhos",26.53,"A bíblia do marketing digital. Como vender on-line e criar um negócio de sucesso.

Foi isso que Jeff Walker, autor deste livro e criador da Product Launch Formula™, desenvolveu. Ele mudou a vida de milhares de pessoas com esse método, e agora também pode mudar a sua, ajudando-o a criar um negócio que ame e a alcançar a vida de seus sonhos.
A Product Launch Formula™ é um método de lançamento de produtos on-line que abrange as mais diversas áreas de negócios e marketing. Ao seguir os passos indicados neste livro por Jeff, será possível planejar um lançamento de forma eficaz, atraindo o público-alvo para seu produto e ganhando, provavelmente, muito dinheiro.
A fórmula de Jeff Walker já foi comprovada por vários de seus alunos, que lançaram produtos em mercados diversificados, desde o aconselhamento sentimental aos fundos de investimento mútuos, passando por aulas de guitarra. Os lucros arrecadados e os resultados obtidos em praticamente todos os casos guiados pela Product Launch Formula™ são inacreditáveis, mas verdadeiros.
O sucesso bateu à porta de todos os que se utilizaram desse método inovador e eficiente.",298,https://m.media-amazon.com/images/I/51q33hwz6lL.jpg,12,2,15,1
"Contabilidade Empresarial - Instrumento de Análise, Gerência e Decisão",199.00,"A 18a edição foi atualizada de acordo com as Normas Internacionais de Contabilidade (IFRS) expressadas pelos pronunciamentos do Comitê de Pronunciamentos Contábeis (CPC) e pelas Normas Brasileiras de Contabilidade (NBC). A edição também vem com muitas novidades, incluindo novos exercícios com respostas, vídeos explicativos do conteúdo e acesso gratuito ao Livro de Exercícios.
Esta é uma obra diferenciada, que trabalha além da mecânica de escrituração e da elaboração das demonstrações financeiras: o foco é trazer compreensão dos relatórios contábeis ao leitor.
Com a tecnologia disponível para o processamento contábil, é muito mais interessante que o estudante saiba analisar a natureza, o significado e a finalidade dos dados contábeis. E é essa a principal função deste livro.
Livro-texto para as disciplinas Contabilidade Introdutória e Contabilidade Geral dos cursos de Administração, Ciências Contábeis, Economia e Direito. Por dar mais ênfase à compreensão dos dados e demonstrativos contábeis do que à técnicas de escrituração, destina-se também a profissionais não contadores e a estudantes de outras áreas.

Acompanhe as nossas publicações, cadastre-se e receba as informações por e-mail (Clique aqui!)",544,https://m.media-amazon.com/images/I/41yvNMDJtcL.jpg,13,2,16,1
A mente do empreendedor,33.24,"Steve Jobs, Jeff Bezos, Mark Zuckerberg, Bill Gates, Valerie Gaydos e Sara Blakely. O que eles - entre outros tantos empreendedores geniais - têm em comum? Sucesso em seus negócios! A verdade é que milhares de pessoas tentam empreender. Muitos erram. Alguns acertam. Mas pouquíssimos tornam-se empresários incrivelmente bem sucedidos. Kevin D. Johnson acredita que, se os empresários souberem o que se passa dentro da cabeça dos empreendedores mais bem sucedidos do mundo, serão mais precisos nas suas decisões do dia a dia e aumentarão a chance de acertar. Segundo o autor, você precisa mudar seu modo de pensar. Em outras palavras, precisa interiorizar a ""mente do empreendedor"": um jeito de pensar que foca nas lições mais importantes e vitais desses grandes nomes. E é exatamente isso que Kevin D. Johnson oferece neste livro. O autor pesquisou profundamente e encontrou hábitos, crenças e características em comum entre esses grandes nomes.",320,https://m.media-amazon.com/images/I/5131ChHkyML.jpg,14,2,17,1
Empreendedorismo - plano de negócios em 40 lições - 2ed,47.49,"Obra apresenta os principais componentes de um plano de negócio, com orientações específicas, objetivas e práticas para quem está em um empreendimento nascente. Divididos em 40 capítulos, o conteúdo aborda desde a decisão de iniciar um novo negócio e a identificação de oportunidades de alto potencial de crescimento até a avaliação da necessidade de buscar investidores, passando pelo estudo de viabilidade mercadológica, operacional e financeira do negócio. Traz ainda temas atuais que auxiliarão no desenvolvimento de novos empreendimentos, entre eles, Effectuation, Design Thinking, Lean Startup, Business Model Canvas e Bootstrapping, que é a criação de uma empresa utilizando apenas recursos próprios.",360,https://m.media-amazon.com/images/I/41wb-0wRBnL.jpg,15,2,18,1
Scaling Up - Escalando seu negócio,58.10,"Uma Scaleup é uma empresa que já validou seus serviços e produtos no mercado, provando que seu modelo de negócio é sustentável, seu próximo passo é escalar. A Scaleup é o próximo passo de uma startup. A energia e recursos são focados no crescimento sustentável. Faz mais de uma década que o livro mais vendido de Verne Harnish Mastering the Rockefeller Habits foi lançado. Scaling Up é a primeira grande revisão desse clássico de negócios que detalha ferramentas e técnicas práticas para escalar um negócio que domina o setor.Scaling Up concentrase nas quatro principais áreas de decisão que toda empresa deve acertar: Pessoas, Estratégia, Execução e Caixa. O livro inclui uma série de novas ferramentas de uma página, incluindo o Plano Estratégico de Uma Página atualizado e o Rockefeller Habits ChecklistTM, que mais de 40.000 empresas em todo o mundo usaram para escalar suas empresas com sucesso — muitas até US$ 10 milhões, US$ 100 milhões e US$ 1 bilhão e além — enquanto desfruta sua escalada.",253,https://m.media-amazon.com/images/I/51xo926k-KL.jpg,16,2,19,1
"Instagram, WhatsApp e Facebook para Negócios: Como ter lucro através dos três principais canais de venda",49.30,"Se quer dominar as vendas online, este livro é para você.
Nele vai aprender a trabalhar de forma correta os três principais canais de vendas do momento: Instagram, WhatsApp e Facebook. Seja através da criação de conteúdo ou de anúncios pagos, este livro irá mostrar-lhe o caminho que precisa de percorrer para ter uma presença online eficaz
Muitos empreendedores acreditam que criar uma conta numa rede social ou ter um site já é o suficiente. Na verdade, esse é apenas o primeiro passo. As vendas e o sucesso da sua empresa acontecem depois de criar as suas contas. O que publicar, quando publicar, que anúncios fazer ou como fazer esses anúncios são apenas alguns dos aspectos que precisa de dominar para ter êxito online. Neste livro você encontra tudo o que precisa de saber para dominar os três principais apps de comunicação do mundo.",346,https://m.media-amazon.com/images/I/510kEqtD0-L.jpg,17,2,20,1
E não sobrou nenhum,26.94,"Uma ilha misteriosa, um poema infantil, dez soldadinhos de porcelana e muito suspense são os ingredientes com que Agatha Christie constrói seu romance mais importante. Na ilha do Soldado, antiga propriedade de um milionário norte-americano, dez pessoas sem nenhuma ligação aparente são confrontadas por uma voz misteriosa com fatos marcantes de seus passados.
Convidados pelo misterioso mr. Owen, nenhum dos presentes tem muita certeza de por que estão ali, a despeito de conjecturas pouco convincentes que os leva a crer que passariam um agradável período de descanso em mordomia. Entretanto, já na primeira noite, o mistério e o suspense se abatem sobre eles e, num instante, todos são suspeitos, todos são vítimas e todos são culpados.",323,https://m.media-amazon.com/images/I/51QVh6K9cVL.jpg,18,3,21,1
Estado de terror,40.41,"“Reunindo uma ex-secretária de Estado e uma das autoras de mistério mais celebradas da atualidade, Estado de terror combina detalhes dos bastidores políticos com ação de tirar o fôlego, em uma trama de ameaça global à altura dos melhores suspenses.” –The Wall Street Journal",563,https://m.media-amazon.com/images/I/411mkjhTJFL.jpg,19,3,22,1
Histórias extraordinárias,39.90,"A edição ilustrada inclui textos de Charles Baudelaire, Jorge Luis Borges e Julio Cortázar, que reverenciam o estilo hipnotizante do escritor mais sombrio de todos os tempos.

Histórias extraordinárias reúne dezoito contos assombrosos de Edgar Allan Poe, com seleção, apresentação e tradução do poeta José Paulo Paes. Este livro traz, entre outras obras-primas do mestre do suspense e do mistério, ""A carta roubada"", ""O gato preto"", ""O escaravelho de ouro"", ""O poço e o pêndulo"", ""Assassinatos na rua Morgue"" e ""O homem da multidão"".
O caráter macabro das histórias, dotadas de profundidade psicológica e imersas em uma atmosfera eletrizante, continua a conquistar novos leitores e a afirmar sua condição de clássico. Nas palavras de Paes, ""Poe sempre consegue […] provocar-nos aquele arrepio de morte ou aquela impressão de vida que, em literatura, constituem o melhor, senão o único, passaporte para a imortalidade"".",377,https://m.media-amazon.com/images/I/51LQ2QuZGUL.jpg,2,3,23,1
Os homens que não amavam as mulheres (Millennium Livro 1),29.90,"Vem da Suécia um dos maiores êxitos no gênero de mistério dos últimos anos: a série Millennium - da qual este romance, Os homens que não amavam as mulheres, é o primeiro volume.

Em 1966, Harriet Vanger, jovem herdeira de um império industrial, some sem deixar vestígios. No dia de seu desaparecimento, fechara-se o acesso à ilha onde ela e diversos membros de sua extensa família se encontravam. Desde então, a cada ano, Henrik Vanger, o velho patriarca do clã, recebe uma flor emoldurada - o mesmo presente que Harriet lhe dava, até desaparecer. Ou ser morta. Pois Henrik está convencido de que ela foi assassinada. E que um Vanger a matou.
Quase quarenta anos depois, o industrial contrata o jornalista Mikael Blomkvist para conduzir uma investigação particular. Mikael, que acabara de ser condenado por difamação contra o financista Wennerström, preocupa-se com a crise de credibilidade que atinge sua revista, a",546,https://m.media-amazon.com/images/I/5192DEFK18L.jpg,2,3,24,1
It: A coisa,39.90,"Nesse cássico que inspirou os filmes da Warner, um grupo de amigos conhecido como Clube dos Otários aprende o real sentido da amizade, do amor, da confiança... e do medo. O mais profundo e tenebroso medo.",1208,https://m.media-amazon.com/images/I/51z0s3GcvwL.jpg,20,3,25,1
Laranja mecânica,15.37,"Narrada pelo protagonista, o adolescente Alex, esta brilhante e perturbadora história cria uma sociedade futurista em que a violência atinge grandes proporções e provoca uma resposta igualmente agressiva de um governo totalitário. Ao lado de 1984, de George Orwell, e Admirável Mundo Novo, de Aldous Huxley, Laranja Mecânica é um dos ícones literários da alienação pós-industrial que caracterizou o século 20. Adaptado com maestria para o cinema em 1972 por Stanley Kubrick, o livro é uma obra marcante que atravessou décadas e se mantém atual.",253,https://m.media-amazon.com/images/I/51AES0xVwHL.jpg,21,3,26,1
O cemitério,32.90,"Nesse cássico do gênero terror, os mortos podem até voltar... mas não voltam iguais. Um dos mais aclamados de Stephen King, O cemitério é o livro que inspirou os filmes Cemitério Maldito, de 1989 e de 2019.",537,https://m.media-amazon.com/images/I/41frrGPR0KL.jpg,20,3,25,1
Ghost Story,44.64,"Na pacata cidadezinha de Milburn, nos Estados Unidos, a Sociedade Chowder ― formada por um grupo de quatro velhos amigos ― se reúne todo mês para contar histórias em encontros regados a bebidas e charutos. Algumas são verdadeiras, outras inventadas... mas todas elas têm algo em comum: são terrivelmente assustadoras. Um passatempo simples para conferir um pouco de diversão a suas vidas monótonas. Mas uma história chega para mostrar suas garras no presente e assombrá-los. Algo que eles fizeram muito tempo atrás. Um erro grotesco. Um acidente terrível. Agora, pesadelos fazem com que eles inevitavelmente sejam atraídos pelo sobrenatural. E não demora muito para que eles percebam que ninguém pode enterrar o passado para sempre… Há quase sete anos, os fãs do terror encontraram na DarkSide® um lar. Ou, bem, uma mansão assombrada. Desde então, a Caveira republicou clássicos, revelou novos talentos e fez muita gente se revirar na cama com pesadelos. Os nomes mais assustadores da literatura entraram para a família: Clive Barker, William Hjortsberg, Stephen King, William Peter Blatty… E, agora, Peter Straub. É com o coração assombrado por fantasmas que a DarkSide® apresenta o clássico Ghost Story, uma das histórias sobrenaturais mais surpreendentes já escritas ― e uma das mais aguardadas pelos leitores que caminham de mãos dadas com a Caveira desde o início. Em Ghost Story, Straub mostra seu talento ao apresentar cada membro da Sociedade Chowder para o leitor, ao mesmo tempo em que estabelece a atmosfera da cidadezinha fictícia e os acontecimentos sobrenaturais. Uma leitura compassada, que se esgueira para os cantos mais sombrios da mente, para nunca mais sair. Straub mexe profundamente com a cabeça do leitor em um terror psicológico que aborda arrependimentos, vinganças, amizades que se desmancham e histórias mal-resolvidas ― mas também faz o sangue congelar ao colocar olhos amarelos à espreita e crianças estranhas olhando pela janela. Fantasmas são manifestações reais ou meros ecos do passado? Só lendo para descobrir. Peter Straub se tornou um dos autores de horror mais prolíficos e aclamados de todos os tempos, com inúmeros romances, contos, poemas e novelas publicadas. Entre os leitores notáveis de seu trabalho encontra-se Stephen King, também amigo pessoal e parceiro criativo em obras como O Talismã e A Casa Negra. Ghost Story chega para os leitores no timing perfeito para virar a leitura favorita de Halloween. O padrão de qualidade é o que você já conhece: uma edição de colecionador, feita de fã para fã, para assombração nenhuma colocar defeito. Preparado para encarar os fantasmas desta história?",440,https://m.media-amazon.com/images/I/51p2vyVf++L.jpg,22,3,27,1
O Vilarejo,23.90,"Ilustrações coloridas dão vida a romance com elementos de horror gótico e suspense.
Do criador da série original Netflix ""Bom dia, Verônica"".

Em 1589, o padre e demonologista Peter Binsfeld fez a ligação de cada um dos pecados capitais a um demônio, supostamente responsável por invocar o mal nas pessoas. É a partir daí que Raphael Montes cria sete histórias situadas em um vilarejo isolado, apresentando a lenta degradação dos moradores do lugar, e pouco a pouco o próprio vilarejo vai sendo dizimado, maculado pela neve e pela fome.
As histórias podem ser lidas em qualquer ordem, sem prejuízo de sua compreensão, mas se relacionam de maneira complexa, de modo que ao término da leitura as narrativas convergem para uma única e surpreendente conclusão.",116,https://m.media-amazon.com/images/I/512KctaS-3L.jpg,20,3,28,1
Eu sei o que vocês fizeram no verão passado: Alguns segredos não poderão ser esquecidos...,18.90,"O livro que deu origem a um dos maiores sucessos do terror no cinema.
Neste clássico do terror – adaptado para o cinema e para a televisão –, quatro adolescentes tentam escapar de um assassino que deseja vingar a morte de um garotinho.
Depois de uma noite de muita festa, quatro adolescentes atropelam acidentalmente um garoto de dez anos. Sem querer lidar com as consequências de seus atos, eles abandonam o corpo e decidem fazer um pacto, com a intenção de manter o ocorrido em segredo.
No entanto, nem tudo é tão simples, e o sentimento de culpa não será o único problema com que terão de lidar. No ano seguinte, uma das adolescentes recebe um bilhete anônimo com uma mensagem curta, mas que diz tudo: ""Eu sei o que vocês fizeram no verão passado"".
Em um romance repleto de reviravoltas e obstáculos constantes, os quaro jovens terão que lutar por suas vidas, fugindo e se escondendo de um assassino que está determinado a fazê-los pagar pelo terrível crime que cometeram.",195,https://m.media-amazon.com/images/I/41TtBAShytL.jpg,23,3,29,1
O universo da programação: Um guia de carreira em desenvolvimento de software,44.91,"Desenvolvimento de software não é mais somente uma área de trabalho, mas um verdadeiro universo em constante expansão. São tantas opções de áreas de atuação, tantas tecnologias distintas e plataformas, que é possível se perder em meio a uma chuva de informação para quem quer ingressar em programação. Qual o perfil profissional? É preciso ter formação? Por onde começar?

Neste livro, William Oliveira cria uma trilha de conhecimento encorajadora para apresentar o universo da programação. O autor apresenta o cenário atual e os conceitos básicos da área, a fim de desmistificar a figura do programador para tornar a profissão palpável para qualquer pessoa que realmente queira se inserir nela. Você será guiado por este caminho pelo qual conhecerá as possibilidades da área de desenvolvimento de software, sendo entregue com a inspiração e as melhores dicas para mergulhar neste universo.",216,https://m.media-amazon.com/images/I/41WQNOs8j5L.jpg,24,4,30,1
"Programação em Baixo Nível: C, Assembly e execução de programas na arquitetura Intel 64",102.50,"Conheça a linguagem Assembly e a arquitetura do Intel 64, torne-se proficiente em C e entenda como os programas são compilados e executados até o nível das instruções de máquina, permitindo-lhe escrever um código robusto e de alto desempenho.

Programação em baixo nível explica a arquitetura do Intel 64 como resultado da evolução da arquitetura de von Neumann. O livro o ensina a usar a versão mais recente da linguagem C (C11) e a linguagem Assembly desde o básico. Todo o caminho, do código-fonte à execução do programa, incluindo a geração de arquivos-objeto ELF, além das ligações estática e dinâmica, será discutido. Há exemplos de código e exercícios, junto com as melhores práticas de programação. Os recursos de otimização e os limites dos compiladores modernos serão analisados, permitindo-lhe promover um equilíbrio entre a legibilidade do programa e o desempenho.

O uso de diversas técnicas para ganho de desempenho, por exemplo, instruções SSE e pre-fetching, será demonstrado. Assuntos relevantes em ciência da computação, como os modelos de computação e as gramáticas formais, também serão tratados, explicando-se sua importância prática.

Programação em baixo nível ensina os programadores a:

escrever livremente em linguagem Assembly;
compreender o modelo de programação do Intel 64;
escrever um código robusto e fácil de manter em C11;
acompanhar o processo de compilação e decifrar as listagens em Assembly;
depurar erros em código Assembly compilado;
usar modelos de computação apropriados para reduzir drasticamente a complexidade dos programas;
escrever códigos críticos quanto ao desempenho;
compreender o impacto de um modelo de memória fraco em aplicações com várias threads.",730,https://m.media-amazon.com/images/I/41Dy8Av8qkL.jpg,25,4,31,1
Data Science para Negócios: O que você precisa saber sobre mineração de dados e pensamento analítico de dados,77.95,"Este guia amplo, profundo, porém não muito técnico, apresenta a você os princípios fundamentais do Data Science e orienta-o através do ""pensamento analítico"" necessário para extrair conhecimento útil e valor de negócios a partir dos dados que você obtém. Ao aprender os princípios do Data Science, você compreenderá as diversas técnicas de mineração de dados usadas hoje. Mais importante ainda, esses princípios sustentam os processos e as estratégias necessárias para resolver problemas de negócios por meio das técnicas de mineração de dados.",575,https://m.media-amazon.com/images/I/41FpXz+AbvL.jpg,11,4,32,1
Introdução à Linguagem SQL: Abordagem prática para iniciantes,40.41,"Atualmente as empresas estão coletando dados a taxas exponenciais e mesmo assim poucas pessoas sabem como acessá-los de maneira relevante. Se você trabalha em uma empresa ou é profissional de TI, este curto guia prático lhe ensinará como obter e transformar dados com o SQL de maneira significativa. Você dominará rapidamente os aspectos básicos do SQL e aprenderá como criar seus próprios bancos de dados.
O autor Thomas Nield fornece exercícios no decorrer de todo o livro para ajudá-lo a praticar em casa suas recém descobertas aptidões no uso do SQL, sem precisar empregar um ambiente de servidor de banco de dados. Além de aprender a usar instruções-chave do SQL para encontrar e manipular seus dados, você descobrirá como projetar e gerenciar eficientemente bancos de dados que atendam às suas necessidades.
Também veremos como:
•Explorar bancos de dados relacionais, usando modelos leves e centralizados
•Usar o SQLite e o SQLiteStudio para criar bancos de dados leves em minutos
•Consultar e transformar dados de maneira significativa usando SELECT, WHERE, GROUP BY e ORDER BY
•Associar tabelas para obter uma visualização mais completa dos dados da empresa
•Construir nossas próprias tabelas e bancos de dados centralizados usando princípios de design normalizado
•Gerenciar dados aprendendo como inserir, excluir e atualizar registros",193,https://m.media-amazon.com/images/I/51A2n7Wn0kL.jpg,25,4,33,1
Estruturas de dados e algoritmos com JavaScript: Escreva um código JavaScript complexo e eficaz usando a mais recente ECMAScript,76.76,"Uma estrutura de dados é uma maneira particular de organizar dados em um computador com o intuito de usar os recursos de modo eficaz. As estruturas de dados e os algoritmos são a base de todas as soluções para qualquer problema de programação. Com este livro, você aprenderá a escrever códigos complexos e eficazes usando os recursos mais recentes da ES 2017.
O livro Estruturas de dados e algoritmos com JavaScript começa abordando o básico sobre JavaScript e apresenta a ECMAScript 2017, antes de passar gradualmente para as estruturas de dados mais importantes, como arrays, filas, pilhas e listas ligadas. Você adquirirá um conhecimento profundo sobre como as tabelas hash e as estruturas de dados para conjuntos funcionam, assim como de que modo as árvores e os mapas hash podem ser usados para buscar arquivos em um disco rígido ou para representar um banco de dados. Este livro serve como um caminho para você mergulhar mais fundo no JavaScript. Você também terá uma melhor compreensão de como e por que os grafos – uma das estruturas de dados mais complexas que há – são amplamente usados em sistemas de navegação por GPS e em redes sociais.
Próximo ao final do livro, você descobrirá como todas as teorias apresentadas podem ser aplicadas para solucionar problemas do mundo real, trabalhando com as próprias redes de computador e com pesquisas no Facebook.
Você aprenderá a:
• declarar, inicializar, adicionar e remover itens de arrays, pilhas e filas;
• criar e usar listas ligadas, duplamente ligadas e ligadas circulares;
• armazenar elementos únicos em tabelas hash, dicionários e conjuntos;
• explorar o uso de árvores binárias e árvores binárias de busca;
• ordenar estruturas de dados usando algoritmos como bubble sort, selection sort, insertion sort, merge sort e quick sort;
• pesquisar elementos em estruturas de dados usando ordenação sequencial e busca binária",488,https://m.media-amazon.com/images/I/413Brmwe9VL.jpg,25,4,34,1
React Native: Desenvolvimento de aplicativos mobile com React,44.91,"O React Native é um framework desenvolvido pelo Facebook e baseado na biblioteca React. Ele consiste em uma série de ferramentas que viabilizam a criação de aplicações mobile nativas — para as plataformas iOS e Android — utilizando internamente as tecnologias básicas do front-end: HTML, CSS e JavaScript. Ao contrário de outros frameworks semelhantes, o React Native converte todo o código desenvolvido para a linguagem nativa do sistema operacional do seu aparelho, ou seja, podemos criar somente um código e ele rodará em qualquer sistema operacional.

Neste livro, Bruna Escudelario e Diego Pinho vão desde os primeiros passos com React Native até o desenvolvimento de aplicações que consomem serviços na internet (APIs). No meio deste percurso, você vai aproveitar e estudar o funcionamento da biblioteca React para web, afinal, todos os conceitos trabalhados nela também são usados aqui. Você verá o que é o JSX e como criar um componente das mais diversas formas, quais são as principais dependências, o que são propriedades e estados, estilos por meio do Flexbox e CSS, navegação de telas, quais são as principais funções do ciclo de vida de um componente, como passar informações de um componente para outro, consumir serviços da internet e atualizar os componentes com as respostas, até chegar à última grande novidade do React 16, os Hooks. Este livro foi estruturado de modo que os tópicos se complementem e se tornem gradativamente mais complexos ao decorrer da leitura, mas sempre apoiados por códigos contextualizados em casos de usos reais, seguindo as boas práticas adotadas pelo mercado e pela comunidade desenvolvedora.",231,https://m.media-amazon.com/images/I/417Vg37EN8L.jpg,24,4,35,1
Flutter na prática: Melhore seu desenvolvimento mobile com o SDK open source mais recente do Google,80.74,"Saiba o que o Flutter tem para oferecer, de onde ele veio e para onde vai. O desenvolvimento de aplicativos móveis está progredindo rapidamente, e com o Flutter – um SDK open source de desenvolvimento de aplicações móveis criado pelo Google – você pode desenvolver aplicações para Android e iOS, assim como para o Google Fuchsia.
Você aprenderá a criar três aplicativos (um gerenciador de informações pessoais, um sistema de chat e um projeto de game) que poderá instalar em seus dispositivos móveis e de fato usar. Começará ganhando uma base sólida sobre o Flutter e a usará imediatamente para construir dois aplicativos de produtividade mais tradicionais. Também aprenderá a criar um game, o que lhe permitirá ter uma perspectiva totalmente diferente do que o Flutter pode fazer. Além de construir esses aplicativos, você se beneficiará da verificação de problemas do mundo real com os quais pode deparar, e de maneiras de lidar com eles com dicas e truques, tudo isso pensado para tornar sua experiência com o Flutter muito mais produtiva e, na verdade, divertida!
Flutter na Prática lhe dará uma base sólida de como construir aplicativos com o Flutter, e será um trampolim para a criação de aplicativos mais avançados por sua própria conta. Após a leitura deste material, uma jornada maior começará à medida que você entrar, mais bem preparado, no imenso universo do desenvolvimento com o Flutter, abordando com firmeza qualquer projeto com o qual deparar. Flutter na Prática é uma aventura de aprendizado que não deve ser perdida.",458,https://m.media-amazon.com/images/I/412hbqfegrL.jpg,25,4,36,1
Fundamentos de HTML5 e CSS3,49.39,"Fundamentos de HTML5 e CSS3 tem o objetivo de fornecer aos iniciantes e estudantes da área de desenvolvimento web conceitos básicos e fundamentos da marcação HTML e estilização CSS, para a criação de sites, interfaces gráficas e aplicações para a web.
Maujor aborda as funcionalidades da HTML5 e das CSS3 de forma clara, em linguagem didática, mostrando vários exemplos práticos em funcionamento no site do livro.
Mesmo sem conhecimento prévio, com este livro o leitor será capaz de:
•Criar um código totalmente semântico empregando os elementos da linguagem HTML5.
•Usar os atributos da linguagem HTML5 para criar elementos gráficos ricos no desenvolvimento de aplicações web.
•Inserir mídia sem dependência de plugins de terceiros ou extensões proprietárias.
•Desenvolver formulários altamente interativos com validação no lado do cliente utilizando atributos criados especialmente para essas finalidades.
•Conhecer os mecanismos de aplicação de estilos, sua sintaxe, suas propriedades básicas, esquemas de posicionamento, valores e unidades CSS3.
•Usar as propriedades avançadas das CSS3 para aplicação de fundos, bordas, sombras, cores e opacidade.
•Desenvolver layouts simples com uso das CSS3.",321,https://m.media-amazon.com/images/I/41rJyZrSe-L.jpg,25,4,37,1
Machine Learning – Guia de Referência Rápida: Trabalhando com dados estruturados em Python,60.80,"Com notas, tabelas e exemplos detalhados, esta referência prática ajudará você a navegar pelo básico do machine learning com dados estruturados. O autor Matt Harrison oferece um ótimo guia que você poderá usar como material complementar para cursos, além de servir como um recurso conveniente quando você iniciar o seu próximo projeto de machine learning.
Ideal para programadores, cientistas de dados e engenheiros da área de IA, este livro apresenta uma visão geral do processo de machine learning e da classificação com dados estruturados. Você conhecerá métodos para clustering (agrupamento), regressão e redução de dimensões, entre outros assuntos.
Este guia de referência rápida inclui:
• classificação, usando o conjunto de dados do Titanic;
• limpeza de dados e métodos para lidar com dados ausentes;
• análise de dados exploratória;
• passos comuns de pré-processamento usando dados de amostras;
• seleção de atributos úteis ao modelo;
• seleção do modelo;
• métricas e avaliação da classificação;
• exemplos de regressão usando diversas técnicas de ML;
• métricas para avaliação de regressão;
• clustering;
• redução de dimensões;
• pipelines do scikit-learn.",295,https://m.media-amazon.com/images/I/41xEO0IYZ0L.jpg,25,4,38,1
Inteligência Artificial - Uma Abordagem de Aprendizado de Máquina,127.00,"Inteligência Artificial sob novos olhares. Com abordagem equilibrada de tópicos básicos e avançados desenvolvidos por renomados pesquisadores da área, esta nova edição traz exemplos de implemen­tações dos métodos abordados e exercícios teóricos e práticos.



Vencedor do Prêmio Jabuti 2012 (Categoria Tecnologia e Informática) quando foi lançado, Inteligência Artificial – Uma Abordagem de Aprendizado de Máquina aborda os principais conceitos e algoritmos de aprendizado de máquina e aponta caminhos para transformar esse conhecimento em aplicações práticas, como:


auxílio ao diagnóstico de doenças e descoberta de tratamentos mais eficazes;
monitoramento da qualidade da água;
prevenção de incêndios florestais;
detecção e localização de falhas em linhas de transmissão de energia;
reconhecimento de imagens para prover segurança em eventos;
bloqueio de mensagens fraudulentas que impõem riscos aos usuários, entre outras.




Por que ter Inteligência Artificial?

Há algum tempo, a área de inteligência artificial deixou de ser vista apenas como teórica – destinada à aplicação em pequenos problemas “curiosos” – para se tornar um campo de pesquisa crescente, em busca de soluções de problemas reais da sociedade.



Katti Faceli, Ana Carolina Lorena, João Gama, Tiago Agostinho Almeida e André Carlos Ponce Carvalho preenchem, com sucesso, a lacuna de livros abrangentes e atualizados voltados ao público nacional.


?",1038,https://m.media-amazon.com/images/I/51PGdEByXoL.jpg,26,4,39,1
A Máquina do Tempo: Uma Invenção,8.01,"Um texto clássico para o leitor de ficção científica. 
Publicado em 1895, A Máquina do Tempo é considerado um dos primeiros romances a tratar do conceito de viagem no tempo.
O personagem central, um cientista apresentado na trama apenas como o Viajante do Tempo, constrói uma máquina capaz de viajar pela quarta dimensão.
Ao testá-la, é transportado para o ano de 802.701, em um mundo povoado pelos pacíficos elóis.",136,https://m.media-amazon.com/images/I/51jfaoGfb6L.jpg,27,5,40,1
Fortaleza digital,35.91,"""Fortaleza Digital é o melhor e mais realista suspense tecnológico a chegar ao mercado em anos... Um susto a cada minuto."" – The Midwest Book Review
A agência de inteligência mais poderosa do mundo.
Uma brilhante criptógrafa.
Um código indecifrável.
Responsável por monitorar as comunicações de todo o planeta e proteger informações do governo dos Estados Unidos, a ultrassecreta NSA, a Agência de Segurança Nacional americana, investiu às escondidas numa arma revolucionária para combater a ação de grupos terroristas na era da informática. Seu trunfo é o supercomputador TRANSLTR, capaz de decifrar em poucos minutos qualquer mensagem encriptada enviada pela Internet.",540,https://m.media-amazon.com/images/I/51LM3o+4x6L.jpg,19,5,41,1
Star Wars: o livro de Boba Fett,29.90,"Reviva a emoção da série de sucesso com esta adaptação em livro cheia de ação e aventura!
Após sobreviver à queda no poço do sarlacc, o ex-caçador de recompensas Boba Fett é curado e levado por uma tribo de Tuskens em Tatooine. Quando a tribo é massacrada, Boba busca vingança e se instala no antigo palácio de Jabba, o Hutt, junto ao seu novo braço direito, a assassina Fennec Shand. Mas a luta pelo poder em Tatooine é mais complicada do que ele esperava, e Boba precisará da ajuda de novos e antigos aliados para garantir sua posição e vingar o Povo da Areia.",190,https://m.media-amazon.com/images/I/51BioH1C4ZL.jpg,28,5,42,1
Star Wars: A Velha República - Revan,22.41,"Revan deixou Coruscant como Jedi, em uma missão para derrotar os Mandalorianos, e retornou como discípulo Sith, empenhado em destruir a República. O Conselho Jedi devolveu a Revan sua vida, mas o preço da redenção foi a perda de suas lembranças. Tudo o que lhe resta são pesadelos – e um medo profundo e permanente.
O que aconteceu além da Orla Exterior que Revan não consegue lembrar ou esquecer completamente? Ele só tem certeza de uma coisa: algo sombrio planeja destruir a própria existência da República. Sem ter ideia de como identificar a ameaça, e muito menos detê-la, Revan pode estar fadado ao fracasso, pois ele nunca enfrentou um inimigo tão poderoso e diabólico. Algo está lá fora: um rolo compressor maligno que se aproxima para esmagar a República – a menos que um Jedi solitário, renegado e odiado, seja capaz de impedi-lo.",315,https://m.media-amazon.com/images/I/51jFMt1t8yL.jpg,29,5,43,1
O mistério da Rua X,14.90,"NAS GÉLIDAS RUAS DE UMA NOVA YORK EM PÂNICO, O X DA QUESTÃO PODE ESTAR EM QUALQUER LUGARÀs vésperas do Natal, a detetive Jéssica Turner é chamadapara investigar o brutal assassinato de uma garotinha de apenas oito anos de idade. O corpo foi encontrado numa rua de Manhattan, próximo ao edifício de Katherine Still, profissional renomada na Bookreaders, a editora mais famosa de Nova York.Como uma espécie de ritual, Hellen John estava nua sobre uma capa carmim, com a boca costurada, e em suas mãos a imagem de uma boca vermelha marcada por um negro X.Por alguma razão, o destino unirá Turner e Katherine, no caso mais misterioso e incomum de suas carreiras, levando-as a embarcar em uma jornada aterrorizante contra o tempo e o mal.",126,https://m.media-amazon.com/images/I/411bTYd1liL.jpg,30,5,44,1
O guia do mochileiro das galáxias,22.41,"Considerado um dos maiores clássicos da literatura de ficção científica, O Guia do Mochileiro das Galáxias vem encantando gerações de leitores ao redor do mundo com seu humor afiado.
Este é o primeiro título da famosa série escrita por Douglas Adams, que conta as aventuras espaciais do inglês Arthur Dent e de seu amigo Ford Prefect.
A dupla escapa da destruição da Terra pegando carona numa nave alienígena, graças aos conhecimentos de Prefect, um E.T. que vivia disfarçado de ator desempregado enquanto fazia pesquisa de campo para a nova edição do",241,https://m.media-amazon.com/images/I/51qmrcyD4YL.jpg,19,5,45,1
Neuromancer (Trilogia do Sprawl Livro 1),15.37,"No futuro, existe a matrix. Uma espécie de alucinação coletiva digital na qual a humanidade se conecta para, virtualmente, saber de tudo sobre tudo. Mas há uma elite que navega por essa grande rede de informação - os cowboys. Case era um deles, até o dia em que tentou ser mais esperto do que os seus patrões. Que fritaram suas conexões com o ciberespaço, tornando-o um pária entre os seus iguais. Ele vaga pelos subúrbios de Tóquio, mais envolvido do que nunca em destruir a si próprio, até ser contatado por Molly, uma bela e perigosa mulher que, assim como ele, desconfia de tudo e de todos. Os dois acabam se envolvendo numa missão cheia de mistérios e perigos.

Esta edição comemorativa de 25 anos de ""Neuromancer"" conta com nova tradução de Fábio Fernandes e prefácio de William Gibson. O romance de estréia de Gibson é o primeiro volume da chamada Trilogia do Sprawl, que ainda inclui os livros ""Count Zero"" e ""Mona Lisa Overdrive"".",374,https://m.media-amazon.com/images/I/61YOe9tGVPL.jpg,21,5,46,1
Fahrenheit 451,26.94,"Escrito após o término da Segunda Guerra Mundial, em 1953, Fahrenheit 451, de Ray Bradubury, revolucionou a literatura com um texto que condena não só a opressão anti-intelectual nazista, mas principalmente o cenário dos anos 1950, revelando sua apreensão numa sociedade opressiva e comandada pelo autoritarismo do mundo pós-guerra. Agora, o título de Bradbury, que morreu recentemente, em 6 de junho de 2012, ganhou nova edição pela Biblioteca Azul, selo de alta literatura e clássicos da Globo Livros, e atualização para a nova ortografia.",201,https://m.media-amazon.com/images/I/41F7Udiwd+L.jpg,31,5,47,1
O homem de giz,42.21,"Assassinato e sinais misteriosos em uma trama para fãs de Stranger Things e Stephen King
Em 1986, Eddie e os amigos passam a maior parte dos dias andando de bicicleta pela pacata vizinhança em busca de aventuras. Os desenhos a giz são seu código secreto: homenzinhos rabiscados no asfalto; mensagens que só eles entendem. Mas um desenho misterioso leva o grupo de crianças até um corpo desmembrado e espalhado em um bosque. Depois disso, nada mais é como antes.",357,https://m.media-amazon.com/images/I/41LuOehnKtL.jpg,7,5,48,1
O regresso do Peregrino,35.91,"O primeiro livro publicado por C. S. Lewis após sua conversão, O regresso do Peregrino é, de uma certa maneira, a ficcionalização da busca do autor por uma satisfação espiritual que, eventualmente, o levou ao cristianismo. Sem ficar preso unicamente à sua experiência pessoal, Lewis amplia o alcance da história ao representar a natural busca humana pela satisfação – e a consequente desilusão.
Inspirado no clássico O Peregrino, de John Bunyan, essa ficção retrata de modo contundente as várias correntes teológicas e o temperamento da época, por meio da passagem do protagonista por lugares como as cidades de Escrópolis e Caçaplauso – e através do Vale da Humilhação. Como disse o próprio autor: ""toda boa alegoria não existe para ocultar, mas para revelar; tornar o mundo interno mais palpável"". Nas habilidosas mãos de Lewis, muito conhecido por livros cristãos como",407,https://m.media-amazon.com/images/I/51QdTY0g59L.jpg,32,5,49,1
"Pai Rico, Pai Pobre - Edição de 20 anos atualizada e ampliada: O que os ricos ensinam a seus filhos sobre dinheiro",42.65,"Celebrando 20 anos como o livro n° 1 em finanças pessoais.

A escola prepara as crianças para o mundo real? Essa é a primeira pergunta com a qual o leitor se depara neste livro. O recado é ousado e direto: boa formação e notas altas não bastam para assegurar o sucesso de alguém. O mundo mudou; a maioria dos jovens tem cartão de crédito, antes mesmo de concluir os estudos, e nunca teve aula sobre dinheiro, investimentos, juros etc. Ou seja, eles vão para a escola, mas continuam financeiramente improficientes, despreparados para enfrentar um mundo que valoriza mais as despesas do que a poupança.

Para o autor, o conselho mais perigoso que se pode dar a um jovem nos dias de hoje é: ""Vá para a escola, tire notas altas e depois procure um trabalho seguro."" O fato é que agora as regras são outras, e não existe mais emprego garantido para ninguém. Pai Rico, Pai Pobre demonstra que a questão não é ser empregado ou empregador, mas ter o controle do próprio destino ou delegá-lo a alguém. É essa a tese de Robert Kiyosaki neste livro substancial e visionário. Para ele, a formação proporcionada pelo sistema educacional não prepara os jovens para o mundo que encontrarão depois de formados.

E como os pais podem ensinar aos filhos o que a escola relega? Essa é outra das muitas perguntas que o leitor encontra em Pai Rico, Pai Pobre. Nesse sentido, a proposta do autor é facilitar a tarefa dos pais. Quem entende de contabilidade deve esquecer seus conhecimentos acadêmicos, pois muitas das teorias expostas por Robert Kiyosaki contrariam os princípios contábeis comumente aceitos, e apresentam uma valiosa e moderna percepção do modo como se realizam os investimentos.

A sociedade sofre mudanças radicais e, talvez, de proporções maiores do que as ocorridas em séculos passados. Não existe bola de cristal, mas algo é certo: a perspectiva global de transformações transcende nossa realidade imediata. Aconteça o que acontecer,
só existem duas alternativas: segurança ou independência financeira. E o objetivo de Pai Rico, Pai Pobre é instruir o leitor e despertar sua inteligência financeira e a de seus filhos.

""A principal razão pela qual as pessoas têm problemas financeiros é que passaram anos na escola, mas não aprenderam nada sobre dinheiro. O resultado é que elas aprendem a trabalhar por dinheiro… mas nunca a fazê-lo trabalhar para elas."" - Robert Kiyosaki.",376,https://m.media-amazon.com/images/I/519kRFUvDOL.jpg,11,6,50,1
As seis lições,22.41,"As Seis Lições reúne as palestras ministradas, em 1959, por Ludwig von Mises na Universidade de Buenos Aires (UBA). O autor discute com clareza o capitalismo, o socialismo, o intervencionismo, a inflação, o investimento estrangeiro e as relações entre política e ideias. Em linguagem agradável, a obra apresenta as linhas gerais do pensamento misesiano sendo, ao mesmo tempo, uma das melhores introduções à Política e à Economia.

Além do prefácio de Margit von Mises, viúva do autor, nesta 8ª edição revista e ampliada da obra foram incluídos uma apresentação biográfica de Ludwig von Mises escrita por Murray N. Rothbard, um novo prefácio de Ubiratan Jorge Iorio, um posfácio de Alex Catharino, notas de rodapé do editor e um novo índice remissivo e onomástico.",262,https://m.media-amazon.com/images/I/41KGqSQXrgL.jpg,33,6,51,1
Riquezas certas para você,24.99,"O que dinheiro significa para você?Você decidiu que o dinheiro é mais valioso que você?""Dinheiro nunca é o problema em nossa vida"", diz Gary Douglas."" É sobre o que estamos dispostos a receber. E o que estamos dispostos a receber é apenas uma escolha"". O que você está escolhendo receber? Você está escolhendo ter dinheiro em sua vida? E se gerar dinheiro e ter dinheiro fosse divertido e alegre? E se ao ter diversão e alegria com dinheiro você pudesse receber mais? Como seria isso?O dinheiro segue a alegria; a alegria não segue o dinheiro. Você só gera dinheiro suficiente para ""sobreviver""? Você tornou o dinheiro inatingível? E se você pudesse gerar quantidades obscenas de riqueza com facilidade e alegria? A maioria dos programas sobre dinheiro trata de economizar ou investir; eles não abordam como tornar o dinheiro uma realidade em sua vida. Riquezas Certas Para Você contém um conjunto singular de ferramentas práticas e processos energéticos que você pode usar para desbloquear as áreas da sua vida onde limita a quantidade de dinheiro que pode ter e receber. As ferramentas de Riquezas Certas Para Você permitem que você mude sua situação financeira com facilidade e permanência. É simplesmente uma escolha.O que você está escolhendo?",116,https://m.media-amazon.com/images/I/41na58KOZFL.jpg,34,6,52,1
"Economia: O que é, para que serve, como funciona",49.90,"Um livro indispensável para quem deseja entender melhor os desafios do mundo em que vivemos

Sem gráficos, equações ou jargões, o renomado economista e professor Charles Wheelan apresenta tudo o que você precisa saber sobre economia e nunca conseguiu compreender.

Lançando mão de exemplos cotidianos, Wheelan esclarece as noções e conceitos básicos dessa ciência fascinante. Tudo isso de maneira fácil, prática e muito bem-humorada. Aqui, o leitor entenderá os mecanismos fundamentais e os problemas básicos da economia, tais como:

•Por que há inflação?
•Que papel governo, bancos centrais e comércio mundial exercem nas economias locais?
•Qual o poder dos incentivos públicos?
•Por que não foi possível evitar a crise financeira de 2008?
•Quais os prós e os contras da globalização?

Um livro essencial para estudantes de economia e também para os que simplesmente desejam compreender melhor os desafios do mundo em que vivemos.

Com nova capa, este livro é uma reedição de Economia nua e crua.

""Recomendo este livro para todos aqueles que querem compreender a base da economia de maneira fácil e divertida."" Gary Becker, Prêmio Nobel de Economia

""Em poucas lições, Wheelan ensina o leitor a pensar como um economista."" Kirkus Reviews

""[Wheelan] mostra com lucidez que as consequências econômicas podem ser globais, mas também fazem parte da vida diária."" Publishers Weekly

""Da simples oferta e demanda ao complexo tema da política monetária, este livro consegue explicar a economia global de forma realmente interessante."" Book Magazine",409,https://m.media-amazon.com/images/I/51cWgicPJ3L.jpg,35,6,53,1
"Ricos, sábios e felizes: Os princípios de Charlie Munger, Howard Marks, John Bogle e outros grandes investidores para ser bem-sucedido nos negócios e na vida",29.61,"“Se você deseja alcançar a liberdade financeira ao mesmo tempo que leva uma vida rica em propósito e realização, leia este livro e leve a sério suas inestimáveis lições.” — Tony Robbins, autor de Poder sem limites
“Cativante… oferece ideias pragmáticas para pensar, refletir e viver. — Daniel Goleman, autor de Inteligência Emocional
“Se eu tivesse lido Ricos, sábios e felizes quando comecei a investir, teria poupado vinte anos de leituras e estudos.” —",412,https://m.media-amazon.com/images/I/41GstdCkVtS.jpg,3,6,54,1
Economia no cotidiano: Decifra-me ou te devoro,22.41,"“Trato da inflação, da atividade econômica/emprego, das contas públicas, da relação do país com o exterior e, por fim, do mercado financeiro. São textos curtos, a linguagem não é nada técnica, e o objetivo é que o leitor, ao final de cada capítulo, possa se sentir à vontade para compreender de que forma a economia afeta seu dia a dia, e não como uma conversa esotérica de especialistas para especialistas.” - Alexandre Schwartsman",80,https://m.media-amazon.com/images/I/518pptI7cIL.jpg,36,6,55,1
Últimos escritos econômicos,31.41,"Com o intuito de publicar todas as obras de Karl Marx, a Boitempo lança mais um título da coleção Marx-Engels. Últimos escritos econômicos traz dois textos da fase madura do autor em novas traduções para o português.

O primeiro deles, Glosas marginais ao ""Tratado de economia política"" de Adolph Wagner, faz parte das anotações ao livro de Adolph Wagner intitulado Doutrina geral ou teórica de economia nacional – Primeira parte: Fundamento. Nesse artigo, Marx critica a deturpação, por Wagner, da teoria do valor desenvolvida em O capital e ilumina diretamente polêmicas e questões ainda em disputa nas diversas interpretações e leituras feitas por autores até os dias de hoje. Marx assenta mais uma vez as teses fundamentais da sua doutrina econômica, dissertando sobre a diferença entre sua teoria e a de David Ricardo e sobre seu modo específico de exposição das formas, conceitos e categorias da crítica à economia política. A publicação inclui ainda um manuscrito sobre a Rússia escrito entre 1881 e 1882 (Notas sobre a reforma de 1861 e o que daí se desdobrou na Rússia), texto que mostra o filósofo alemão ""em ação"", pesquisando uma questão que o interessava à época e que exigiu reelaborações de argumentos de O capital.

Últimos escritos econômicos fornece uma contextualização histórica e teórica que permite uma leitura crítica da teoria econômica marxiana. Ao longo da obra, notas de rodapé recuperam tanto as notas das duas edições alemãs utilizadas na tradução como as da edição inglesa e trazem informações importantes a respeito das nuances presentes na escrita. O livro conta com um glossário comentado e uma apresentação
que localiza o texto de Marx no seu próprio espaço histórico e teórico, nos debates marxistas acerca da teoria do valor que se desenvolveram ao longo do século XX e nos embates atuais que põem em questão a atualidade dessa teoria.",222,https://m.media-amazon.com/images/I/411hPHEhaPL.jpg,37,6,56,1
"Brasil, uma economia que não aprende: Novas perspectivas para entender nosso fracasso",49.00,"""Brasil, uma economia que não aprende"" percorre a história das ideias econômicas sobre a riqueza “invisível” das nações: o conhecimento. O incrível avanço da ciência e da tecnologia nos levou do motor a vapor à eletricidade, do computador à inteligência artificial. O conhecimento foi fundamental para os saltos qualitativos na organização econômica. E a partir de experiências internacionais de sucesso de políticas industriais e de pesquisa e desenvolvimento, o livro aponta os erros que o Brasil cometeu, bem como os acertos que não prosperaram e por quê.

“De forma didática e fluida, Paulo Gala e André Roncaglia se debruçam, neste livro, sobre os caminhos e descaminhos do desenvolvimento econômico brasileiro à luz da história das ideias e da experiência internacional. Pensar o desenvolvimento e seus dilemas distributivos e ambientais no século XXI não é tarefa fácil. Passados cinco anos de crise econômica e várias décadas de perda de densidade industrial no Brasil, o livro abre frentes essenciais de reflexão sobre o que nos falta aprender.""
Laura Carvalho

“Gala e Roncaglia apresentam um excelente panorama das teorias de desenvolvimento econômico, de Antonio Serra no século XVII a Dani Rodrik nos dias de hoje. Os autores analisam como produtividade, complexidade produtiva e distribuição de renda estão ligadas, e ilustram suas proposições com diversos exemplos de sucesso e fracasso de políticas industriais ao redor do mundo. Leitura fundamental para quem deseja se atualizar sobre o papel do Estado e do mercado no desenvolvimento.""
Nelson Barbosa

""Terão razão Paulo Gala e André Roncaglia de Carvalho ao afirmar no título do seu livro que o Brasil não aprende? Têm, mas talvez fosse melhor mudar um pouco a pergunta: Por que o Brasil deixou de aprender? De fato, entre 1930 e 1980 a nação brasileira adotou um regime de política econômica desenvolvimentista e foi o país que mais se desenvolveu no mundo. Com quem aprendeu? Com os países ricos e as revoluções industriais e capitalistas que esses países realizaram no século XIX. Por que a nação brasileira deixou de aprender a partir de 1990? Este livro nos dá bons argumentos para responder essa questão. Resumo-os em uma frase: porque os brasileiros continuaram a querer aprender com os mesmos países ricos, que adotaram um liberalismo econômico radical e passaram a crescer muito pouco. Outra teria sido a história destes últimos 40 anos se tivessem se inspirado nos países do Leste da Ásia que continuaram desenvolvimentistas, mantiveram suas contas fiscais e suas contas externas equilibradas, não permitindo que o Estado ou o país se endividassem, e, assim, experimentaram um crescimento extraordinário e se tornaram ricos.""
Luiz Carlos Bresser-Pereira

Paulo Gala
Graduado em Economia pela FEA/USP. Mestre e Doutor em Economia pela Fundação Getúlio Vargas em São Paulo. Foi professor visitante nas Universidades de Cambridge UK em 2004 e Columbia NY em 2005. É professor de Economia na FGV-SP desde 2002.


André Roncaglia
Doutor em economia pelo Programa de Pós-Graduação em Economia do Desenvolvimento do Instituto
de Pesquisas Econômicas da USP, mestre na mesma área pela PUC-SP. É professor do Departamento de Economia e da Pós-Graduação em Economia da Unifesp, especialista em conjuntura econômica, moeda, inflação brasileira e economia brasileira. Já lecionou em instituições como Fecap, Fipecafi, FGV-SP e Fipe.",242,https://m.media-amazon.com/images/I/41RMkrkNFpL.jpg,38,6,57,1
INTRODUÇÃO À ECONOMIA,96.95,"Com a finalidade de apresentar os principais conceitos da área, a obra Introdução à Economia foi estruturada para abarcar todas as questões que envolvem esta importante ciência social, como a produção, a circulação e o consumo de bens e serviços utilizados para satisfazer as necessidades humanas. Todos os aspectos da Teoria Econômica são abordados, tanto os concernentes à Micro quanto à Macroeconomia, além da mainstream economics, formada pelas teorias contemporâneas e que possui grande aceitação por parte dos economistas. Sucesso editorial, a obra chega a sua 12ª edição, trazendo exercícios que enriquecem o conhecimento e fixam os conceitos adquiridos durante a leitura, o que a torna ferramenta essencial para todos os que querem conhecer a matéria, para os que precisam atualizar-se no assunto e também para os que estão se preparando para concursos públicos.",1085,https://m.media-amazon.com/images/I/41-BktYTPKL.jpg,15,6,58,1
Hábitos Atômicos: Um Método Fácil e Comprovado de Criar Bons Hábitos e Se Livrar dos Maus.,42.70,"BEST-SELLER DO NEW YORK TIMES


Pequenas Mudanças, Resultados Impressionantes.

Não importa quais sejam seus objetivos, Hábitos Atômicos oferece um método eficaz para você se aprimorar — todos os dias. James Clear, um dos mais expoentes especialistas na criação de hábitos, revela as estratégicas práticas que o ensinarão, exatamente, como criar bons hábitos, abandonar os maus e fazer pequenas mudanças de comportamento que levam a resultados impressionantes.

Se enfrenta dificuldades para mudar seus hábitos, o problema não é você, é o sistema escolhido.
Os maus hábitos se repetem sem parar porque você está usando o sistema errado, e não porque não queira mudar.
Assim, suas limitações não são a complexidade de seu objetivo, mas a inadequação de seus sistemas.
Neste livro, você aprenderá um método comprovado capaz de levá-lo a novos patamares.

Clear é conhecido por sua habilidade em transformar tópicos complexos em comportamentos simples que podem ser facilmente aplicados à vida cotidiana e profissional. Seu método, desenvolvido a partir de conceitos comprovados da biologia, psicologia e neurociência, é um guia descomplicado para tornar os bons hábitos inevitáveis e os maus, impossíveis.
Ao longo desta jornada, os leitores serão inspirados e entretidos por histórias de medalhistas de ouro em Olimpíadas, artistas premiados, líderes de negócios, médicos
que salvam vidas e astros da comédia que usaram a ciência dos pequenos hábitos para dominar seu ofício e se lançar ao topo de suas áreas de atuação.

Hábitos Atômicos remodela sua forma de pensar em avanço e sucesso e traz as ferramentas e estratégias de que precisa para transformar seus hábitos — seja você técnico de um time almejando a conquista de um título, uma organização com pretensões de reinventar seu setor ou simplesmente um indivíduo que deseja parar de
fumar, perder peso, reduzir o estresse ou atingir qualquer outra meta.


Descubra o Segredo dos Resultados Permanentes

Repleto de estratégias testadas e aprovadas de
autoaprimoramento, Hábitos Atômicos ensinará você a construir
hábitos que funcionem para — e não contra — você.",332,https://m.media-amazon.com/images/I/51TL4nFsLuL.jpg,39,7,59,1
As coisas que você só vê quando desacelera: Como manter a calma em um mundo frenético,29.61,"Mais de 300 mil exemplares vendidos no Brasil.
""Um livro para os dias de hoje, repleto de verdades universais, lindamente escrito e ilustrado. Cada parágrafo possui a própria semente, que cria raízes para a sabedoria mais profunda e atemporal. Uma obra para se ter sempre à mão."" – Mark Williams, coautor de Atenção plena.
De tempos em tempos, surge um livro que, com sua maneira original de iluminar importantes temas espirituais, se torna um fenômeno tão grande em seu país de origem que acaba chamando a atenção e encantando leitores de todo o mundo.",212,https://m.media-amazon.com/images/I/51xRYeF5vUL.jpg,3,7,60,1
"A psicologia financeira: lições atemporais sobre fortuna, ganância e felicidade",26.91,"O livro de educação financeira mais comentado dos últimos anos, com mais de 1 milhão de exemplares vendidos no mundo todo!
O sucesso financeiro tem menos a ver com a sua inteligência e muito mais a ver com o seu comportamento. E a forma como alguém se comporta é uma coisa difícil de se ensinar, mesmo para pessoas bastante inteligentes.
A maneira como lidamos com o dinheiro — finanças pessoais, investimentos, decisões de negócios — costuma ser explicada como um campo puramente matemático, no qual dados e fórmulas nos dizem o que fazer. A verdade, porém, é que grandes decisões monetárias não são tomadas diante de uma planilha, mas durante jantares com a família e reuniões com os colegas de trabalho. Além disso, cada uma delas é um reflexo da história pessoal e das dificuldades enfrentadas pelo indivíduo que as tomou.",260,https://m.media-amazon.com/images/I/4170p1Y9tCL.jpg,40,7,61,1
Essencialismo: A disciplinada busca por menos,29.61,"""Greg McKeown nos lembra que a clareza de foco e a capacidade de dizer 'não' são aspectos desvalorizados porém fundamentais para os negócios nos dias de hoje."" – Jeff Weiner, presidente-executivo do LinkedIn
O ESSENCIALISTA NÃO FAZ MAIS COISAS EM MENOS TEMPO – ELE FAZ APENAS AS COISAS CERTAS.",308,https://m.media-amazon.com/images/I/416tZ8V6aTL.jpg,3,7,62,1
SWITCH: Como mudar as coisas quando a mudança é difícil,59.50,"Por que é tão difícil fazer mudanças duradouras em nossas empresas, comunidades e em nossas vidas?

O principal obstáculo é o conflito incutido em nossos cérebros, dizem Chip e Dan Heath, autores do best-seller aclamado pela crítica, Ideias que Colam. Os psicólogos descobriram que nossas mentes são governadas por dois sistemas diferentes — a mente racional e a emocional —, que competem pelo controle. A mente racional quer um lindo corpo de praia; já a emocional, aquele biscoito Oreo. A mente racional quer mudar algo no trabalho; a emocional ama o conforto da rotina. Essa tensão acaba com qualquer esforço de mudança — mas, se for superada, a transformação pode ocorrer rapidamente.

Em Switch, os irmãos Heath mostram como pessoas comuns — colaboradores, gestores, pais e enfermeiras — uniram as duas mentes e, como consequência, atingiram resultados drásticos.

Os humildes médicos internos que conseguiram derrotar uma antiga e arraigada prática médica que punha os pacientes em risco

A guru de organização doméstica que desenvolveu uma técnica simples para superar o ódio da faxina

O gestor que transformou uma equipe de atendimento ao cliente apática em fanáticos por atendimento ao remover uma ferramenta padrão do setor

Em uma atraente narrativa baseada em histórias, os irmãos Heath reúnem décadas de pesquisas contraintuitivas em psicologia, sociologia e outros campos para elucidar meios pelos quais podemos realizar mudanças transformadoras.

Depoimentos:

""Para todos que têm boas ideias e querem formar um público.""
— Time

""Qualquer um interessado em influenciar o próximo — a comprar, votar, fazer dieta, doar para a caridade ou começar uma revolução — aprenderá com este livro.""
— Washington Post

""Uma visão inteligente sobre os motivos pelos quais algumas ideias pegam e outras morrem. Use os truques dos irmãos Heath para melhorar seu alcance, mesmo que seja só com as crianças.""
— People

""Se ninguém ouve quando tenta passar informações importantes, este livro é para você.""
— Psychology Today

""A utilidade [deste livro] é o que separa Ideias que Colam de seus semelhantes — O Ponto da Virada e Freakonomics... Diferente de seus antecessores, ele é mais clássico. Começa como um livro didático — quase um livro de autoajuda, seja para empresas ou pessoas — como milhares antes dele, só que muito melhor.
— Christian Science Monitor

25 Meses na Lista de Mais Vendidos da Businessweek
Livro de Negócios Nº 1 — Jornal Globe and Mail (2007)
Livro de Negócios Nº 2 — Editores da Amazon.com (2007)

Traduzido para mais de 24 línguas!",325,https://m.media-amazon.com/images/I/41OTx7vjaVL.jpg,11,7,63,1
A sutil arte de ligar o f*da-se,17.91,"Chega de tentar buscar um sucesso que só existe na sua cabeça. Chega de se torturar para pensar positivo enquanto sua vida vai ladeira abaixo. Chega de se sentir inferior por não ver o lado bom de estar no fundo do poço.
Coaching, autoajuda, desenvolvimento pessoal, mentalização positiva — sem querer desprezar o valor de nada disso, a grande verdade é que às vezes nos sentimos quase sufocados diante da pressão infinita por parecermos otimistas o tempo todo. É um pecado social se deixar abater quando as coisas não vão bem. Ninguém pode fracassar simplesmente, sem aprender nada com isso. Não dá mais. É insuportável. E é aí que entra a revolucionária e sutil arte de ligar o foda-se.",145,https://m.media-amazon.com/images/I/5144Ghp-b8L.jpg,7,7,64,1
Mindset: A nova psicologia do sucesso,29.90,"Clássico da psicologia em versão revista e atualizada.

Carol S. Dweck, professora de psicologia na Universidade Stanford e especialista internacional em sucesso e motivação, desenvolveu, ao longo de décadas de pesquisa, um conceito fundamental: a atitude mental com que encaramos a vida, que ela chama de ""mindset"", é crucial para o sucesso. Dweck revela de forma brilhante como o sucesso pode ser alcançado pela maneira como lidamos com nossos objetivos. O mindset não é um mero traço de personalidade, é a explicação de por que somos otimistas ou pessimistas, bem-sucedidos ou não. Ele define nossa relação com o trabalho e com as pessoas e a maneira como educamos nossos filhos. É um fator decisivo para que todo o nosso potencial seja explorado.",407,https://m.media-amazon.com/images/I/41+7a4RuENL.jpg,4,7,65,1
Arrume a sua cama: Pequenas coisas que podem mudar a sua vida... E talvez o mundo,17.91,"Dez lições de um almirante das forças especiais para mudar sua vida.
Quando foi convidado para proferir o discurso da aula inaugural dos alunos de graduação da Universidade do Texas, o almirante William McRaven pensou em compartilhar suas lições sobre liderança. Afinal, em 37 anos de carreira na Marinha norte-americana, ele exerceu o comando em vários níveis – inclusive tendo sido o responsável pela missão que capturou Osama Bin Laden. O que ele não imaginava é que o discurso fosse parar nas redes sociais, viralizar e ter mais de 10 milhões de visualizações!",96,https://m.media-amazon.com/images/I/51U97oowXyL.jpg,41,7,66,1
O milagre da manhã,20.93,"Conheça o método simples e eficaz que vai proporcionar a vida dos sonhos — antes das 8 horas da manhã! Hal Elrod explica os benefícios de acordar cedo e desenvolver todo o nosso potencial e as nossas habilidades. O milagre da manhã permite que o leitor alcance níveis de sucesso jamais imaginados, tanto na vida pessoal quanto profissional. A mudança de hábitos e a nova rotina matinal proposta por Hal vai proporcionar melhorias significativas na saúde, na felicidade, nos relacionamentos, nas finanças, na espiritualidade ou quaisquer outras áreas que necessitem ser aprimoradas.",188,https://m.media-amazon.com/images/I/515rjH7yikL.jpg,42,7,67,1
Pare de tentar. Comece a fazer: Como se tornar mentalmente forte e assumir o controle da sua própria vida,43.11,"""SE VOCÊ É FÃ DE MARK MANSON OU BRENÉ BROWN, VAI AMAR JULIA KRISTINA.

Medo de errar, culpa, ansiedade, autossabotagem, desejo extremo de agradar os outros... Há muitos motivos internos que nos levam a colocar nas mãos do outro o controle da nossa própria vida. É exatamente essa tendência de pensamento nocivo que a especialista Julia Kristina quer ajudar você a romper, ensinando a como se tornar emocionalmente mais forte e controlar os próprios pensamentos e emoções.

Este livro é para quem:
» Diz ""sim"" quando quer dizer ""não"", só porque odeia desapontar os demais;
» Passa noites em claro com medo da opinião das outras pessoas sobre você;
» Nunca se sente suficiente no trabalho ou demais atividades da vida;
» Acha que finalmente será feliz apenas quando conseguir resolver aquele problema que tanto atrapalha sua vida.

Com técnicas e ferramentas eficientes para lidar com o domínio emocional de si, você aprenderá a estabelecer limites, a tomar as rédeas de sua vida e irá se tornar o único responsável por seu próprio bem-estar, colocando um fim naquilo que imobiliza suas atitudes. """,288,https://m.media-amazon.com/images/I/41zt3giaWIL.jpg,14,7,68,1
Ciência no cotidiano: Viva a razão. Abaixo a ignorância!,22.41,"O simples fato de vivermos no século XXI já nos faz beneficiários da ciência e dos seus frutos, mesmo que a gente não se dê conta dessa verdade. Os objetos que nos dão conforto, que nos dão prazer, que nos transportam, que nos emocionam, que nos informam (até este livro) só existem da forma como existem por conta dos conhecimentos científicos. O cidadão que ignora fatos científicos básicos pode se tornar presa fácil de curandeiros e charlatões, gente que mente para os outros e, não raro, para si mesma.",94,https://m.media-amazon.com/images/I/51be2fE6TRL.jpg,36,8,69,1
Homo Deus: Uma breve história do amanhã,39.90,"O futuro visto por um dos grandes pensadores da atualidade: isto é Homo Deus.

Neste Homo Deus: uma breve história do amanhã, Yuval Noah Harari, autor do estrondoso best-seller Sapiens: uma breve história da humanidade, volta a combinar ciência, história e filosofia, desta vez para entender quem somos e descobrir para onde vamos. Sempre com um olhar no passado e nas nossas origens, Harari investiga o futuro da humanidade em busca de uma resposta tão difícil quanto essencial: depois de séculos de guerras, fome e pobreza, qual será nosso destino na Terra? A partir de uma visão absolutamente original de nossa história, ele combina pesquisas de ponta e os mais recentes avanços científicos à sua conhecida capacidade de observar o passado de uma maneira inteiramente nova. Assim, descobrir os próximos passos da evolução humana será também redescobrir quem fomos e quais caminhos tomamos para chegar até aqui.",606,https://m.media-amazon.com/images/I/51FGgTU-RdL.jpg,2,8,70,1
O oráculo da noite: A história e a ciência do sonho,39.90,"A partir de informações históricas, antropológicas, psicanalíticas e literárias, além das referências mais atualizadas da biologia molecular, da neurofisiologia e da medicina, o neurocientista compõe uma narrativa instigante sobre a ciência e a história do sonho.
O que é, afinal, o sonho? Para que ele serve? Como extrair sentido de seus tantos símbolos, repletos de detalhes e significados?
Neste livro, o renomado neurocientista Sidarta Ribeiro responde a essas e muitas outras questões sobre um dos grandes enigmas da humanidade ao recuperar narrativas literárias e históricas do mundo todo. Ele mostra como os sonhos eram importantes às civilizações antigas, como no Egito e na Grécia, situando-os no cerne da ciência e da política, ou como as culturas ameríndias preservam alguns dos exemplos mais bem documentados de profecias oníricas capazes de guiar povos inteiros. Ao mobilizar os principais debates da psicanálise, da medicina, da biologia molecular e da neurofisiologia,",634,https://m.media-amazon.com/images/I/6132LidSrcL.jpg,2,8,71,1
Cosmos,39.90,"A mais inteligente e imaginativa reflexão sobre as dimensões geológicas, antropológicas, biológicas, históricas e astronômicas do universo.

Escrito por um dos maiores divulgadores de ciência do século XX, Cosmos retraça 14 bilhões de anos de evolução cósmica, explorando tópicos como a origem da vida, o cérebro humano, hieróglifos egípcios, missões espaciais, a morte do sol, a evolução das galáxias e as forças e indivíduos que ajudaram a moldar a ciência moderna. Numa prosa transparente, Carl Sagan revela os segredos do planeta azul habitado por uma forma de vida que apenas começa a descobrir sua própria identidade e a se aventurar no vasto oceano do espaço sideral.
Aqui, o tratamento dos temas científicos está sempre imbricado com outros campos de estudo tradicionais, como história, antropologia, arte e filosofia. Publicado pela primeira vez em 1980,",557,https://m.media-amazon.com/images/I/51WyIo+DkVL.jpg,2,8,72,1
Defendendo A Ciência — Dentro Do Razoável: Entre o Cientificismo e o Cinismo,30.00,"“Neste livro de alta qualidade acadêmica e de pensamento, Haack oferece uma avaliação justa e equilibrada da empreitada científica, analisando suas complexidades, reconhecendo suas limitações... Muito recomendado.”
— Choice

“...trabalho original de uma acadêmica de reputação mundial sobre a natureza da ciência e seu impacto em questões culturais que tocam o interesse público... profundo e acessível, com argumentos oferecidos com uma prosa honesta característica, de grande claridade...”",676,https://m.media-amazon.com/images/I/51V2EVP+bjL.jpg,43,8,73,1
Pálido ponto azul: Uma visão do futuro da humanidade no espaço,39.90,"Análise das conquistas práticas e teóricas das viagens espaciais, abordada do ponto de vista das modificações introduzidas na visão que o homem tem de si mesmo e do seu lugar no espaço.
Por que gastar fortunas com programas espaciais quando há tantos problemas aguardando solução a poucos metros de nossas casas? Para Carl Sagan, um dia o conhecimento do espaço poderá significar nossa sobrevivência como espécie. Pálido ponto azul revela como as descobertas científicas alteraram nossa percepção de quem somos e do lugar que ocupamos no Universo - e nos incita a refletir sobre o uso que iremos dar a esse conhecimento.
""Refinado, empolgante. Uma linguagem sem jargões, impregnada de humor e emoção. A visão otimista de Sagan ilumina todos os capítulos desse livro maravilhosamente ilustrado."" -",418,https://m.media-amazon.com/images/I/510PLLAVYzL.jpg,2,8,72,1
Nosso universo: A história do cosmo e seus mistérios,44.91,"Jo Dunkley, renomada astrofísica e professora universitária, é a nossa guia nessa viagem fascinante através dos séculos de estudo da astronomia, nos apresentando ao trabalho de amadores e pesquisadores, com especial enfoque na participação das mulheres nesse campo, como Williamina Fleming, Vera C. Rubin e Jocelyn Bell Burnell. Com linguagem acessível e se valendo de exemplos diversos, é um livro indispensável para compreender melhor o funcionamento do cosmo.",323,https://m.media-amazon.com/images/I/51XO7pxr+uL.jpg,44,8,74,1
A Origem das Espécies,26.91,"O livro que apresentou a teoria da evolução, de Charles Darwin, e redefiniu para sempre a ciência moderna.
Esta nova tradução de A origem das espécies destaca-se por ter sido elaborada com base na primeira edição do texto, de 1859, que depois passaria por alterações do próprio autor em consequência das inúmeras pressões da imprensa e da comunidade científica do século XIX.",657,https://m.media-amazon.com/images/I/51MjnB1GbsL.jpg,45,8,75,1
Ciência e pseudociência: por que acreditamos naquilo em que queremos acreditar,26.91,"Você, ser racional, já se pegou acreditando em superstições ou qualquer coisa sem nenhuma evidência científica? Pois é, isso é muito mais comum do que se imagina, pois somos máquinas de crenças, que, antes de analisar criticamente, acreditamos ou desacreditamos de forma automática e só mais tarde procuramos raciocinar sobre a questão. E como combater essa tendência e não passar vexame espalhando fake news por aí? A resposta está neste livro do psicólogo e pesquisador Ronaldo Pilati: adquirir uma postura científica de compreensão do mundo. Nestes tempos de excesso de informações, muitas delas falsas, esta obra serve como um guia para se aprender como avaliar criticamente aquilo que se lê e que se ouve por aí sob o nome de “científico”. Esta obra fará você rever suas crenças. E sua vida.",134,https://m.media-amazon.com/images/I/51eMeTUSKeL.jpg,36,8,76,1
Super-Heróis da Ciência: 52 cientistas e suas pesquisas transformadoras,17.91,"Miguel Nicolelis criou um controle remoto ativado pela mente. Helena Nader descobriu uma importante função do açúcar no nosso corpo. Carlos Chagas descreveu – adivinhe! – a doença de Chagas e Bertha Lutz catalogou novas espécies de rãs enquanto lutava pelos direitos das mulheres. A trajetória desses e de muitos outros cientistas brasileiros, suas descobertas incríveis e seus trabalhos pra lá de inovadores são contados aqui, com muito bom humor, pelas apresentadoras do canal Nunca Vi 1 Cientista, Ana Bonassa e Laura Marise, e por Renan de Araújo, do grupo Via Saber. Em textos descontraídos, acompanhados por ilustrações coloridas, o leitor conhecerá a história por trás de grandes descobertas, como tratamentos para doenças, soro contra venenos de cobras, medidas para preservar o meio ambiente. E ainda vai aprender, com um passo a passo detalhado, como se tornar um cientista!",351,https://m.media-amazon.com/images/I/61V91CM898L.jpg,46,8,77,1
Par ou ímpar: Perguntas e respostas para quem quer (ou não) encontrar o amor da sua vida,17.91,"Existe amor à primeira vista? Será que estou me iludindo? Por que ainda estou solteiro? Estar solteira é o fim do mundo?
Se você já fez alguma dessas perguntas, este livro é para você. Par ou ímpar é para todos aqueles que têm dúvidas sobre relacionamentos, não importa se estão solteiros ou namorando, em busca de um amor ou não. São 100 perguntas reunidas sobre tudo que envolve o universo amoroso, incluindo temas como bagagem emocional, escolhas, sexualidade e espiritualidade.
Com a vasta experiência adquirida como consultor de relacionamentos e líder de jovens, o pastor Antônio Júnior responde a tudo que você sempre quis saber sobre namoro e ajuda o leitor a acalmar o coração e confiar em Deus.",280,https://m.media-amazon.com/images/I/51QQ7QmlUiL.jpg,32,9,78,1
A troca,17.96,"Autora do best-seller Teto para dois volta com um novo livro divertido e comovente sobre recomeços
Leena Cotton tem 29 anos e sente que já não é mais a mesma. Eileen Cotton tem 79 e está em busca de um novo amor. Tudo de que neta e avó precisam no momento é pôr em prática uma mudança radical. Então, para colocar suas respectivas vidas de volta nos trilhos, as duas têm uma ideia inusitada: trocar de lugar uma com a outra.",412,https://m.media-amazon.com/images/I/41--Xgyhn3L.jpg,7,9,79,1
Teto para dois (Livro que deu origem à série da Paramount),22.17,"Best-seller de Beth O’Leary ganha
série na Paramount+ e tem estreia aguardada para as próximas semanas no Brasil
Depois
de três meses do fim do seu relacionamento, Tiffy finalmente sai do apartamento
do ex-namorado. Agora ela precisa encontrar o quanto antes um lugar barato onde
morar. Contrariando os amigos, ela topa um acordo bastante inusitado.",437,https://m.media-amazon.com/images/I/5121Oo3FpAL.jpg,7,9,79,1
Luzes do Norte,33.24,"Luzes do Norte é o livro de estreia de Giulianna Domingues, uma aventura intensa e cheia de reviravoltas, com uma protagonista que se recusa a jogar pelas regras dos outros. Entre ursos assustadores, florestas nevadas, mistérios e intrigas, Dimitria tem uma única missão: proteger Aurora van Vintermer. Custe o que custar.
 Dimitria Coromandel é uma caçadora excepcional, a melhor da região, e, após a morte dos seus pais, se tornou a base para o sustento de sua pequena família. Para ela, o peso da responsabilidade e a necessidade de conseguir dinheiro são os impulsos de sua movimentada rotina, e, no inclemente inverno de Nurensalem, ela precisa caçar durante o dia se quiser trazer comida para a casa à noite. No entanto, quando fisga a atenção de Bóris van Vintermer, patriarca da família mais rica do local, sua realidade começa aos poucos a se transformar.",335,https://m.media-amazon.com/images/I/41ubGIvToKL.jpg,47,9,80,1
A Garota do Laço Vermelho,10.00,"Camila e Lauren se apaixonaram através da música. Antes mesmo de se conhecerem e trocarem as primeiras palavras já sabiam que era amor. Mas amor é suficiente para um relacionamento dar certo? Quando a vida sai do ritmo e exige força, coragem e luta, é preciso estar pronto para se jogar nesse precipício que é amar através do tempo.",877,https://m.media-amazon.com/images/I/51IM0EasEKL.jpg,48,9,81,1
Corte de névoa e fúria - Corte de espinhos e rosas - vol. 2,37.03,"O aguardado segundo volume da saga iniciada em Corte de espinhos e rosas, da mesma autora da série Trono de vidro. Nessa continuação, Feyre, a jovem humana que morreu nas garras de Amarantha, assume seu lugar como Quebradora da Maldição e dona dos poderes de sete Grão-Feéricos. Seu coração, no entanto, permanece humano, incapaz de esquecer o que sofreu para libertar o povo de Tamlin e o pacto firmado com Rhys, senhor da Corte Noturna. Mas, mesmo assim, ela se esforça para reconstruir o lar que criou na Corte Primaveril. Então por que é ao lado de Rhys que se sente mais plena? Peça-chave num",807,https://m.media-amazon.com/images/I/51TMLjo+SeL.jpg,47,9,82,1
O peso da glória (Clássicos C. S. Lewis),22.41," Nos nove sermões que compõem uma de suas obras mais clássicas,   O peso da glória  , C.S. Lewis demonstra porque é um dos autores cristãos mais influentes da História. Ele é capaz de tratar os mais variados temas, como pecado e identidade cristã de modo brilhante, trazendo simplicidade e clareza a assuntos complexos, instigando tanto nossa alma quanto nosso intelecto.    
 Mais um livro da coleção C.S. Lewis, com edição especial e nova tradução  ,   O peso da glória   é uma leitura obrigatória, pois traz aos leitores contemporâneos as mesmas palavras de inspiração, orientação e apologia da fé cristã que levaram alento a milhares de ouvintes em um tempo recheado de dúvidas.   ",163,https://m.media-amazon.com/images/I/51RJmzzx9tL.jpg,32,9,83,1
O labirinto de fogo (As provações de Apolo Livro 3),42.21,"No terceiro livro da série, o deus Apolo vai ser posto à prova ao enfrentar uma perigosa armadilha.
Apolo, o deus mais glorioso e belo que já existiu, causou a ira de Zeus e foi expulso do Olimpo. Ele foi parar na terra, mais precisamente em uma caçamba de lixo em Nova York. Agora, ele é Lester Papadopoulos, um mortal desajeitado e sem poderes divinos. Para reconquistar seu lugar ao lado do todo-poderoso, Apolo terá que libertar cinco oráculos desaparecidos.",477,https://m.media-amazon.com/images/I/51dlsLAZoBL.jpg,7,9,84,1
Dom Casmurro - Edição Exclusiva Amazon,14.90,"Prometido para o seminário desde o nascimento, o jovem carioca Bentinho precisa encontrar um jeito de fugir da vida na Igreja e realizar seu verdadeiro sonho: casar-se com a vizinha Capitu. Uma história de paixão, obsessão e ciúme se desenrola, em uma narrativa cheia de reviravoltas, que aos poucos constrói um retrato da sociedade brasileira.
Com este romance publicado em 1899, o maior nome da literatura nacional, Machado de Assis, torna-se também parte do cânone mundial. ""Dom Casmurro"" traz contundentes reflexões sobre o Brasil de sua época, ainda muito relevantes para os dias atuais, e faz isso com a narrativa repleta de ironia que é uma marca do autor.",462,https://m.media-amazon.com/images/I/51PjgRe58sL.jpg,49,9,85,1
A hipótese do amor: Sucesso do TikTok,29.61,"Quando um namoro de mentira entre cientistas encontra a irresistível força da atração, todas as teorias cuidadosamente calculadas sobre o amor são postas à prova.
Com personagens cativantes e diálogos afiados, este livro engraçado, sexy e inteligente se tornou uma das grandes sensações do TikTok.
Olive Smith, aluna do doutorado em Biologia da Universidade Stanford, acredita na ciência – não em algo incontrolável como o amor.",453,https://m.media-amazon.com/images/I/41knBs4ouOL.jpg,19,9,86,1
